{
  "item.goat_horn.sound.0": {
    "sounds": [
      "item/goat_horn/call0"
    ]
  },
  "item.goat_horn.sound.1": {
    "sounds": [
      "item/goat_horn/call1"
    ]
  },
  "item.goat_horn.sound.2": {
    "sounds": [
      "item/goat_horn/call2"
    ]
  },
  "item.goat_horn.sound.3": {
    "sounds": [
      "item/goat_horn/call3"
    ]
  },
  "item.goat_horn.sound.4": {
    "sounds": [
      "item/goat_horn/call4"
    ]
  },
  "item.goat_horn.sound.5": {
    "sounds": [
      "item/goat_horn/call5"
    ]
  },
  "item.goat_horn.sound.6": {
    "sounds": [
      "item/goat_horn/call6"
    ]
  },
  "item.goat_horn.sound.7": {
    "sounds": [
      "item/goat_horn/call7"
    ]
  }
}